sample_idx,label,gs_spearman_r,ts_spearman_r,sensitivity_nb_clicks_1week,sensitivity_product_price,sensitivity_click_hour,sensitivity_click_dow,sensitivity_device_type_enc,sensitivity_product_country_enc,sensitivity_product_age_group_enc,sensitivity_product_gender_enc,sensitivity_product_category_1_enc,sensitivity_partner_id_enc,gs_attr_nb_clicks_1week,gs_attr_product_price,gs_attr_click_hour,gs_attr_click_dow,gs_attr_device_type_enc,gs_attr_product_country_enc,gs_attr_product_age_group_enc,gs_attr_product_gender_enc,gs_attr_product_category_1_enc,gs_attr_partner_id_enc,ts_attr_nb_clicks_1week,ts_attr_product_price,ts_attr_click_hour,ts_attr_click_dow,ts_attr_device_type_enc,ts_attr_product_country_enc,ts_attr_product_age_group_enc,ts_attr_product_gender_enc,ts_attr_product_category_1_enc,ts_attr_partner_id_enc
5,1,,,0.0,0.0,0.0,0.0,0.0,0.0,0.0,0.0,0.0,0.0,0.0,0.0,0.0,0.0,0.0,0.0,0.0,0.0,0.0,0.0,0.0,0.0,0.0,0.0,0.0,0.0,0.0,0.0,0.0,0.0
7,1,0.5222329678670935,0.9393939393939393,0.052675843,0.5567661,0.114768475,0.07947737,0.07185215,0.43643618,0.35249558,0.12937966,0.4430034,0.25897545,0.003990475,0.10551004,0.003990475,0.003990475,0.003990475,0.003990475,0.003990475,0.003990475,0.003990475,0.003990475,0.010025986,0.8698141,0.016364159,0.006767054,0.0019246951,0.11845152,0.020678625,0.01876441,0.089507245,0.0344137
9,1,,,0.0,0.0,0.0,0.0,0.0,0.0,0.0,0.0,0.0,0.0,0.0,0.0,0.0,0.0,0.0,0.0,0.0,0.0,0.0,0.0,0.0,0.0,0.0,0.0,0.0,0.0,0.0,0.0,0.0,0.0
13,1,,,0.0,0.0,0.0,0.0,0.0,0.0,0.0,0.0,0.0,0.0,0.0,0.0,0.0,0.0,0.0,0.0,0.0,0.0,0.0,0.0,0.0,0.0,0.0,0.0,0.0,0.0,0.0,0.0,0.0,0.0
14,1,0.058025885318565944,0.8060606060606059,0.07873911,0.36969954,0.06507152,0.026168942,0.068672776,0.6245663,0.5767309,0.17356119,0.6300407,0.46081823,0.0053611416,0.09446271,0.0053611416,0.0053611416,0.0053611416,0.0053611416,0.0053611416,0.0053611416,0.0053611416,0.0053611416,0.012341351,0.83417165,0.019076636,0.0011884316,0.014690612,0.16317412,0.066125974,0.02323435,0.09637773,0.06826298
15,1,,,0.0,0.0,0.0,0.0,0.0,0.0,0.0,0.0,0.0,0.0,0.0,0.0,0.0,0.0,0.0,0.0,0.0,0.0,0.0,0.0,0.0,0.0,0.0,0.0,0.0,0.0,0.0,0.0,0.0,0.0
17,1,,,0.0,0.0,0.0,0.0,0.0,0.0,0.0,0.0,0.0,0.0,0.0,0.0,0.0,0.0,0.0,0.0,0.0,0.0,0.0,0.0,0.0,0.0,0.0,0.0,0.0,0.0,0.0,0.0,0.0,0.0
23,1,,,0.0,0.0,0.0,0.0,0.0,0.0,0.0,0.0,0.0,0.0,0.0,0.0,0.0,0.0,0.0,0.0,0.0,0.0,0.0,0.0,0.0,0.0,0.0,0.0,0.0,0.0,0.0,0.0,0.0,0.0
24,1,,,0.0,0.0,0.0,0.0,0.0,0.0,0.0,0.0,0.0,0.0,0.0,0.0,0.0,0.0,0.0,0.0,0.0,0.0,0.0,0.0,0.0,0.0,0.0,0.0,0.0,0.0,0.0,0.0,0.0,0.0
26,1,,,0.0,0.0,0.0,0.0,0.0,0.0,0.0,0.0,0.0,0.0,0.0,0.0,0.0,0.0,0.0,0.0,0.0,0.0,0.0,0.0,0.0,0.0,0.0,0.0,0.0,0.0,0.0,0.0,0.0,0.0
29,1,,,0.0,0.0,0.0,0.0,0.0,0.0,0.0,0.0,0.0,0.0,0.0,0.0,0.0,0.0,0.0,0.0,0.0,0.0,0.0,0.0,0.0,0.0,0.0,0.0,0.0,0.0,0.0,0.0,0.0,0.0
34,1,,,0.0,0.0,0.0,0.0,0.0,0.0,0.0,0.0,0.0,0.0,0.0,0.0,0.0,0.0,0.0,0.0,0.0,0.0,0.0,0.0,0.0,0.0,0.0,0.0,0.0,0.0,0.0,0.0,0.0,0.0
35,1,,,0.0,0.0,0.0,0.0,0.0,0.0,0.0,0.0,0.0,0.0,1.170569e-08,1.0535121e-07,1.170569e-08,1.170569e-08,1.170569e-08,1.170569e-08,1.170569e-08,1.170569e-08,1.170569e-08,1.170569e-08,9.089708e-08,9.170175e-06,1.847744e-07,6.839633e-07,1.9162894e-06,8.910894e-07,0.00021108464,0.00010110289,9.834766e-08,0.00011665448
37,1,,,0.0,0.0,0.0,0.0,0.0,0.0,0.0,0.0,0.0,0.0,0.0,0.0,0.0,0.0,0.0,0.0,0.0,0.0,0.0,0.0,0.0,0.0,0.0,0.0,0.0,0.0,0.0,0.0,0.0,0.0
40,1,,,0.0,0.0,0.0,0.0,0.0,0.0,0.0,0.0,0.0,0.0,0.0,0.0,0.0,0.0,0.0,0.0,0.0,0.0,0.0,0.0,0.0,0.0,0.0,0.0,0.0,0.0,0.0,0.0,0.0,0.0
49,1,,,0.0,0.0,0.0,0.0,0.0,0.0,0.0,0.0,0.0,0.0,0.0,0.0,0.0,0.0,0.0,0.0,0.0,0.0,0.0,0.0,0.0,0.0,0.0,0.0,0.0,0.0,0.0,0.0,0.0,0.0
50,1,,,0.0,0.0,0.0,0.0,0.0,0.0,0.0,0.0,0.0,0.0,0.0,0.0,0.0,0.0,0.0,0.0,0.0,0.0,0.0,0.0,0.0,0.0,0.0,0.0,0.0,0.0,0.0,0.0,0.0,0.0
57,1,,,0.0,0.0,0.0,0.0,0.0,0.0,0.0,0.0,0.0,0.0,0.0,0.0,0.0,0.0,0.0,0.0,0.0,0.0,0.0,0.0,0.0,0.0,0.0,0.0,0.0,0.0,0.0,0.0,0.0,0.0
59,1,,,0.0,0.0,0.0,0.0,0.0,0.0,0.0,0.0,0.0,0.0,0.0,0.0,0.0,0.0,0.0,0.0,0.0,0.0,0.0,0.0,0.0,0.0,0.0,0.0,0.0,0.0,0.0,0.0,0.0,0.0
64,1,,,0.0,0.0,0.0,0.0,0.0,0.0,0.0,0.0,0.0,0.0,0.0,0.0,0.0,0.0,0.0,0.0,0.0,0.0,0.0,0.0,0.0,0.0,0.0,0.0,0.0,0.0,0.0,0.0,0.0,0.0
66,1,,,0.0,0.0,0.0,0.0,0.0,0.0,0.0,0.0,0.0,0.0,0.0,0.0,0.0,0.0,0.0,0.0,0.0,0.0,0.0,0.0,0.0,0.0,0.0,0.0,0.0,0.0,0.0,0.0,0.0,0.0
72,1,,,0.0,0.0,0.0,0.0,0.0,0.0,0.0,0.0,0.0,0.0,0.0,0.0,0.0,0.0,0.0,0.0,0.0,0.0,0.0,0.0,0.0,0.0,0.0,0.0,0.0,0.0,0.0,0.0,0.0,0.0
75,1,0.058025885318565944,0.8545454545454544,0.039725423,0.3650471,0.100232005,0.017023861,0.06196153,0.6291241,0.5556124,0.17262751,0.634666,0.44330162,0.0051962035,0.09239673,0.0051962035,0.0051962035,0.0051962035,0.0051962035,0.0051962035,0.0051962035,0.0051962035,0.0051962035,0.0082746465,0.8295622,0.023209654,0.0015843097,0.014353314,0.16583446,0.062938444,0.02361843,0.09904068,0.065660976
77,1,,,0.0,0.0,0.0,0.0,0.0,0.0,0.0,0.0,0.0,0.0,0.0,0.0,0.0,0.0,0.0,0.0,0.0,0.0,0.0,0.0,0.0,0.0,0.0,0.0,0.0,0.0,0.0,0.0,0.0,0.0
79,1,,,0.0,0.0,0.0,0.0,0.0,0.0,0.0,0.0,0.0,0.0,0.0,0.0,0.0,0.0,0.0,0.0,0.0,0.0,0.0,0.0,0.0,0.0,0.0,0.0,0.0,0.0,0.0,0.0,0.0,0.0
93,1,,,0.0,0.0,0.0,0.0,0.0,0.0,0.0,0.0,0.0,0.0,0.0,0.0,0.0,0.0,0.0,0.0,0.0,0.0,0.0,0.0,0.0,0.0,0.0,0.0,0.0,0.0,0.0,0.0,0.0,0.0
94,1,,,0.0,0.0,0.0,0.0,0.0,0.0,0.0,0.0,0.0,0.0,0.0,0.0,0.0,0.0,0.0,0.0,0.0,0.0,0.0,0.0,0.0,0.0,0.0,0.0,0.0,0.0,0.0,0.0,0.0,0.0
99,1,,,0.0,0.0,0.0,0.0,0.0,0.0,0.0,0.0,0.0,0.0,0.0,0.0,0.0,0.0,0.0,0.0,0.0,0.0,0.0,0.0,0.0,0.0,0.0,0.0,0.0,0.0,0.0,0.0,0.0,0.0
107,1,,,0.0,0.0,0.0,0.0,0.0,0.0,0.0,0.0,0.0,0.0,0.0,0.0,0.0,0.0,0.0,0.0,0.0,0.0,0.0,0.0,0.0,0.0,0.0,0.0,0.0,0.0,0.0,0.0,0.0,0.0
108,1,,,0.0,0.0,0.0,0.0,0.0,0.0,0.0,0.0,0.0,0.0,0.0,0.0,0.0,0.0,0.0,0.0,0.0,0.0,0.0,0.0,0.0,0.0,0.0,0.0,0.0,0.0,0.0,0.0,0.0,0.0
115,1,,,0.0,0.0,0.0,0.0,0.0,0.0,0.0,0.0,0.0,0.0,0.0,0.0,0.0,0.0,0.0,0.0,0.0,0.0,0.0,0.0,0.0,0.0,0.0,0.0,0.0,0.0,0.0,0.0,0.0,0.0
121,1,,,0.0,0.0,0.0,0.0,0.0,0.0,0.0,0.0,0.0,0.0,0.0,0.0,0.0,0.0,0.0,0.0,0.0,0.0,0.0,0.0,0.0,0.0,0.0,0.0,0.0,0.0,0.0,0.0,0.0,0.0
126,1,0.058025885318565944,0.7575757575757575,0.026967049,0.09597945,0.040371895,0.08873403,0.8199161,0.78944844,0.09377015,0.8269637,0.89779073,0.08668345,0.008503788,0.088531524,0.008503788,0.008503788,0.008503788,0.008503788,0.008503788,0.008503788,0.008503788,0.008503788,0.013093377,0.744984,0.022168985,0.025308529,0.16791984,0.23553869,0.09328632,0.18474974,0.14486942,0.051357787
127,1,,,0.0,0.0,0.0,0.0,0.0,0.0,0.0,0.0,0.0,0.0,0.0,0.0,0.0,0.0,0.0,0.0,0.0,0.0,0.0,0.0,0.0,0.0,0.0,0.0,0.0,0.0,0.0,0.0,0.0,0.0
128,1,,,0.0,0.0,0.0,0.0,0.0,0.0,0.0,0.0,0.0,0.0,0.0,0.0,0.0,0.0,0.0,0.0,0.0,0.0,0.0,0.0,0.0,0.0,0.0,0.0,0.0,0.0,0.0,0.0,0.0,0.0
130,1,,,0.0,0.0,0.0,0.0,0.0,0.0,0.0,0.0,0.0,0.0,0.0,0.0,0.0,0.0,0.0,0.0,0.0,0.0,0.0,0.0,0.0,0.0,0.0,0.0,0.0,0.0,0.0,0.0,0.0,0.0
135,1,,,0.0,0.0,0.0,0.0,0.0,0.0,0.0,0.0,0.0,0.0,0.0,0.0,0.0,0.0,0.0,0.0,0.0,0.0,0.0,0.0,0.0,0.0,0.0,0.0,0.0,0.0,0.0,0.0,0.0,0.0
136,1,-0.058025885318565944,0.7212121212121211,0.034632444,0.15280122,0.2763906,0.092573225,0.7478891,0.79833,0.14139342,0.73153543,0.8435179,0.12410873,0.007864144,0.08987744,0.007864144,0.007864144,0.007864144,0.007864144,0.007864144,0.007864144,0.007864144,0.007864144,0.011648237,0.7754762,0.049336538,0.016829398,0.1536259,0.24702115,0.08973007,0.15098062,0.13123722,0.04827411
137,1,,,0.0,0.0,0.0,0.0,0.0,0.0,0.0,0.0,0.0,0.0,0.0,0.0,0.0,0.0,0.0,0.0,0.0,0.0,0.0,0.0,0.0,0.0,0.0,0.0,0.0,0.0,0.0,0.0,0.0,0.0
138,1,,,0.0,0.0,0.0,0.0,0.0,0.0,0.0,0.0,0.0,0.0,0.0,0.0,0.0,0.0,0.0,0.0,0.0,0.0,0.0,0.0,0.0,0.0,0.0,0.0,0.0,0.0,0.0,0.0,0.0,0.0
140,1,,,0.0,0.0,0.0,0.0,0.0,0.0,0.0,0.0,0.0,0.0,0.0,0.0,0.0,0.0,0.0,0.0,0.0,0.0,0.0,0.0,0.0,0.0,0.0,0.0,0.0,0.0,0.0,0.0,0.0,0.0
142,1,,,0.0,0.0,0.0,0.0,0.0,0.0,0.0,0.0,0.0,0.0,0.0,0.0,0.0,0.0,0.0,0.0,0.0,0.0,0.0,0.0,0.0,0.0,0.0,0.0,0.0,0.0,0.0,0.0,0.0,0.0
147,1,,,0.0,0.0,0.0,0.0,0.0,0.0,0.0,0.0,0.0,0.0,0.0,0.0,0.0,0.0,0.0,0.0,0.0,0.0,0.0,0.0,0.0,0.0,0.0,0.0,0.0,0.0,0.0,0.0,0.0,0.0
161,1,,,0.0,0.0,0.0,0.0,0.0,0.0,0.0,0.0,0.0,0.0,0.0,0.0,0.0,0.0,0.0,0.0,0.0,0.0,0.0,0.0,0.0,0.0,0.0,0.0,0.0,0.0,0.0,0.0,0.0,0.0
163,1,0.2901294265928297,0.9393939393939393,0.012390912,0.4932713,0.025565326,0.011042297,0.056145668,0.5019622,0.46161106,0.15726393,0.50650644,0.4091064,0.0042265384,0.09969776,0.0042265384,0.0042265384,0.0042265384,0.0042265384,0.0042265384,0.0042265384,0.0042265384,0.0042265384,0.0038152211,0.8618499,0.0058417823,0.00078317616,0.013044181,0.13104613,0.051843148,0.021448536,0.080113836,0.062208988
165,1,,,0.0,0.0,0.0,0.0,0.0,0.0,0.0,0.0,0.0,0.0,0.0,0.0,0.0,0.0,0.0,0.0,0.0,0.0,0.0,0.0,0.0,0.0,0.0,0.0,0.0,0.0,0.0,0.0,0.0,0.0
167,1,,,0.0,0.0,0.0,0.0,0.0,0.0,0.0,0.0,0.0,0.0,0.0,0.0,0.0,0.0,0.0,0.0,0.0,0.0,0.0,0.0,0.0,0.0,0.0,0.0,0.0,0.0,0.0,0.0,0.0,0.0
172,1,-0.1740776559556978,0.6484848484848483,7.349253e-05,0.0003924966,0.0010852814,0.0004094839,0.12454468,0.01339674,0.00035232306,0.53547573,0.01017493,0.0003579259,0.004200606,0.03785452,0.004200606,0.004200606,0.004200606,0.004200606,0.004200606,0.004200606,0.004200606,0.004200606,0.004811124,0.4445539,0.034458887,0.0065975664,0.082218066,0.04924395,0.027620813,0.2921529,0.03847317,0.036173414
177,1,0.2901294265928297,0.8666666666666665,0.04389131,0.4878201,0.18148345,0.074379236,0.0394181,0.50408584,0.34932777,0.14681774,0.51190674,0.27874,0.0045346525,0.10178937,0.0045346525,0.0045346525,0.0045346525,0.0045346525,0.0045346525,0.0045346525,0.0045346525,0.0045346525,0.0093465345,0.8537837,0.027937373,0.006770716,0.0041375374,0.13719378,0.022050213,0.022098823,0.09925475,0.03717404
185,1,,,0.0,0.0,0.0,0.0,0.0,0.0,0.0,0.0,0.0,0.0,0.0,0.0,0.0,0.0,0.0,0.0,0.0,0.0,0.0,0.0,0.0,0.0,0.0,0.0,0.0,0.0,0.0,0.0,0.0,0.0
187,1,,,0.0,0.0,0.0,0.0,0.0,0.0,0.0,0.0,0.0,0.0,0.0,0.0,0.0,0.0,0.0,0.0,0.0,0.0,0.0,0.0,0.0,0.0,0.0,0.0,0.0,0.0,0.0,0.0,0.0,0.0
188,1,,,0.0,0.0,0.0,0.0,0.0,0.0,0.0,0.0,0.0,0.0,0.0,0.0,0.0,0.0,0.0,0.0,0.0,0.0,0.0,0.0,0.0,0.0,0.0,0.0,0.0,0.0,0.0,0.0,0.0,0.0
189,1,-0.1111111111111111,0.2901294265928297,0.0,0.0,0.0,0.0,0.0,0.0,0.0,3.5762787e-07,0.0,0.0,0.0028012535,0.025211278,0.0028012535,0.0028012535,0.0028012535,0.0028012535,0.0028012535,0.0028012535,0.0028012535,0.0028012535,3.002584e-06,0.055526216,0.0047254274,0.0010353953,0.010950794,0.014031303,0.00091302546,0.013037537,0.011618001,0.0010377795
190,1,0.058025885318565944,0.8545454545454544,0.16606611,0.28481287,0.1059075,0.041026175,0.04397309,0.7112058,0.5046017,0.2840697,0.7149763,0.55941015,0.005492826,0.085037045,0.005492826,0.005492826,0.005492826,0.005492826,0.005492826,0.005492826,0.005492826,0.005492826,0.023748636,0.8183268,0.02597461,0.0032412217,0.010072128,0.18316613,0.04432958,0.041436058,0.11443242,0.08711304
193,1,,,0.0,0.0,0.0,0.0,0.0,0.0,0.0,0.0,0.0,0.0,0.0,0.0,0.0,0.0,0.0,0.0,0.0,0.0,0.0,0.0,0.0,0.0,0.0,0.0,0.0,0.0,0.0,0.0,0.0,0.0
201,1,,,0.0,0.0,0.0,0.0,0.0,0.0,0.0,0.0,0.0,0.0,0.0,0.0,0.0,0.0,0.0,0.0,0.0,0.0,0.0,0.0,0.0,0.0,0.0,0.0,0.0,0.0,0.0,0.0,0.0,0.0
210,1,,,0.0,0.0,0.0,0.0,0.0,0.0,0.0,0.0,0.0,0.0,0.0,0.0,0.0,0.0,0.0,0.0,0.0,0.0,0.0,0.0,0.0,0.0,0.0,0.0,0.0,0.0,0.0,0.0,0.0,0.0
211,1,,,0.0,0.0,0.0,0.0,0.0,0.0,0.0,0.0,0.0,0.0,0.0,0.0,0.0,0.0,0.0,0.0,0.0,0.0,0.0,0.0,0.0,0.0,0.0,0.0,0.0,0.0,0.0,0.0,0.0,0.0
223,1,,,0.0,0.0,0.0,0.0,0.0,0.0,0.0,0.0,0.0,0.0,4.5084292e-07,4.0575865e-06,4.5084292e-07,4.5084292e-07,4.5084292e-07,4.5084292e-07,4.5084292e-07,4.5084292e-07,4.5084292e-07,4.5084292e-07,2.9802323e-09,4.0276347e-05,3.7141144e-06,3.054738e-07,1.44585965e-05,1.4699251e-05,0.00077145995,0.00045943557,2.3344905e-05,0.00034246518
229,1,,,0.0,0.0,0.0,0.0,0.0,0.0,0.0,0.0,0.0,0.0,0.0,0.0,0.0,0.0,0.0,0.0,0.0,0.0,0.0,0.0,0.0,0.0,0.0,0.0,0.0,0.0,0.0,0.0,0.0,0.0
233,1,,,0.0,0.0,0.0,0.0,0.0,0.0,0.0,0.0,0.0,0.0,0.0,0.0,0.0,0.0,0.0,0.0,0.0,0.0,0.0,0.0,0.0,0.0,0.0,0.0,0.0,0.0,0.0,0.0,0.0,0.0
234,1,,,0.0,0.0,0.0,0.0,0.0,0.0,0.0,0.0,0.0,0.0,0.0,0.0,0.0,0.0,0.0,0.0,0.0,0.0,0.0,0.0,0.0,0.0,0.0,0.0,0.0,0.0,0.0,0.0,0.0,0.0
254,1,,,0.0,0.0,0.0,0.0,0.0,0.0,0.0,0.0,0.0,0.0,0.0,0.0,0.0,0.0,0.0,0.0,0.0,0.0,0.0,0.0,0.0,0.0,0.0,0.0,0.0,0.0,0.0,0.0,0.0,0.0
258,1,,,0.0,0.0,0.0,0.0,0.0,0.0,0.0,0.0,0.0,0.0,0.0,0.0,0.0,0.0,0.0,0.0,0.0,0.0,0.0,0.0,0.0,0.0,0.0,0.0,0.0,0.0,0.0,0.0,0.0,0.0
259,1,,,0.0,0.0,0.0,0.0,0.0,0.0,0.0,0.0,0.0,0.0,0.0,0.0,0.0,0.0,0.0,0.0,0.0,0.0,0.0,0.0,0.0,0.0,0.0,0.0,0.0,0.0,0.0,0.0,0.0,0.0
269,1,,,0.0,0.0,0.0,0.0,0.0,0.0,0.0,0.0,0.0,0.0,0.0,0.0,0.0,0.0,0.0,0.0,0.0,0.0,0.0,0.0,0.0,0.0,0.0,0.0,0.0,0.0,0.0,0.0,0.0,0.0
272,1,,,0.0,0.0,0.0,0.0,0.0,0.0,0.0,0.0,0.0,0.0,0.0,0.0,0.0,0.0,0.0,0.0,0.0,0.0,0.0,0.0,0.0,0.0,0.0,0.0,0.0,0.0,0.0,0.0,0.0,0.0
274,1,,,0.0,0.0,0.0,0.0,0.0,0.0,0.0,0.0,0.0,0.0,0.0,0.0,0.0,0.0,0.0,0.0,0.0,0.0,0.0,0.0,0.0,0.0,0.0,0.0,0.0,0.0,0.0,0.0,0.0,0.0
276,1,,,0.0,0.0,0.0,0.0,0.0,0.0,0.0,0.0,0.0,0.0,0.0,0.0,0.0,0.0,0.0,0.0,0.0,0.0,0.0,0.0,0.0,0.0,0.0,0.0,0.0,0.0,0.0,0.0,0.0,0.0
277,1,,,0.0,0.0,0.0,0.0,0.0,0.0,0.0,0.0,0.0,0.0,0.0,0.0,0.0,0.0,0.0,0.0,0.0,0.0,0.0,0.0,0.0,0.0,0.0,0.0,0.0,0.0,0.0,0.0,0.0,0.0
281,1,,,0.0,0.0,0.0,0.0,0.0,0.0,0.0,0.0,0.0,0.0,0.0,0.0,0.0,0.0,0.0,0.0,0.0,0.0,0.0,0.0,0.0,0.0,0.0,0.0,0.0,0.0,0.0,0.0,0.0,0.0
290,1,,,0.0,0.0,0.0,0.0,0.0,0.0,0.0,0.0,0.0,0.0,0.0,0.0,0.0,0.0,0.0,0.0,0.0,0.0,0.0,0.0,0.0,0.0,0.0,0.0,0.0,0.0,0.0,0.0,0.0,0.0
291,1,,,0.0,0.0,0.0,0.0,0.0,0.0,0.0,0.0,0.0,0.0,0.0,0.0,0.0,0.0,0.0,0.0,0.0,0.0,0.0,0.0,0.0,0.0,0.0,0.0,0.0,0.0,0.0,0.0,0.0,0.0
293,1,,,0.0,0.0,0.0,0.0,0.0,0.0,0.0,0.0,0.0,0.0,0.0,0.0,0.0,0.0,0.0,0.0,0.0,0.0,0.0,0.0,0.0,0.0,0.0,0.0,0.0,0.0,0.0,0.0,0.0,0.0
294,1,0.5222329678670935,0.8060606060606059,0.016797721,0.7598291,0.043394655,0.059025496,0.030057415,0.23567376,0.30204183,0.027757749,0.23998314,0.07240605,0.001828003,0.11143066,0.001828003,0.001828003,0.001828003,0.001828003,0.001828003,0.001828003,0.001828003,0.001828003,0.00894626,0.90908766,0.013572079,0.0043611364,0.016106661,0.076597854,0.06407634,0.008115207,0.069443084,0.016192472
312,1,,,0.0,0.0,0.0,0.0,0.0,0.0,0.0,0.0,0.0,0.0,0.0,0.0,0.0,0.0,0.0,0.0,0.0,0.0,0.0,0.0,0.0,0.0,0.0,0.0,0.0,0.0,0.0,0.0,0.0,0.0
319,1,,,0.0,0.0,0.0,0.0,0.0,0.0,0.0,0.0,0.0,0.0,0.0,0.0,0.0,0.0,0.0,0.0,0.0,0.0,0.0,0.0,0.0,0.0,0.0,0.0,0.0,0.0,0.0,0.0,0.0,0.0
331,1,,,0.0,0.0,0.0,0.0,0.0,0.0,0.0,0.0,0.0,0.0,0.0,0.0,0.0,0.0,0.0,0.0,0.0,0.0,0.0,0.0,0.0,0.0,0.0,0.0,0.0,0.0,0.0,0.0,0.0,0.0
332,1,,,0.0,0.0,0.0,0.0,0.0,0.0,0.0,0.0,0.0,0.0,6.655852e-07,5.990267e-06,6.655852e-07,6.655852e-07,6.655852e-07,6.655852e-07,6.655852e-07,6.655852e-07,6.655852e-07,6.655852e-07,1.4901161e-08,0.00027626753,6.8426134e-06,1.5079975e-06,0.000102220474,0.00010948554,0.0052850926,0.0035766892,0.0002090551,0.0019736544
337,1,,,0.0,0.0,0.0,0.0,0.0,0.0,0.0,0.0,0.0,0.0,0.0,0.0,0.0,0.0,0.0,0.0,0.0,0.0,0.0,0.0,0.0,0.0,0.0,0.0,0.0,0.0,0.0,0.0,0.0,0.0
338,1,,,0.0,0.0,0.0,0.0,0.0,0.0,0.0,0.0,0.0,0.0,0.0,0.0,0.0,0.0,0.0,0.0,0.0,0.0,0.0,0.0,0.0,0.0,0.0,0.0,0.0,0.0,0.0,0.0,0.0,0.0
340,1,,,0.0,0.0,0.0,0.0,0.0,0.0,0.0,0.0,0.0,0.0,0.0,0.0,0.0,0.0,0.0,0.0,0.0,0.0,0.0,0.0,0.0,0.0,0.0,0.0,0.0,0.0,0.0,0.0,0.0,0.0
341,1,,,0.0,0.0,0.0,0.0,0.0,0.0,0.0,0.0,0.0,0.0,0.0,0.0,0.0,0.0,0.0,0.0,0.0,0.0,0.0,0.0,0.0,0.0,0.0,0.0,0.0,0.0,0.0,0.0,0.0,0.0
343,1,,,0.0,0.0,0.0,0.0,0.0,0.0,0.0,0.0,0.0,0.0,0.0,0.0,0.0,0.0,0.0,0.0,0.0,0.0,0.0,0.0,0.0,0.0,0.0,0.0,0.0,0.0,0.0,0.0,0.0,0.0
356,1,,,0.0,0.0,0.0,0.0,0.0,0.0,0.0,0.0,0.0,0.0,0.0,0.0,0.0,0.0,0.0,0.0,0.0,0.0,0.0,0.0,0.0,0.0,0.0,0.0,0.0,0.0,0.0,0.0,0.0,0.0
370,1,,,0.0,0.0,0.0,0.0,0.0,0.0,0.0,0.0,0.0,0.0,0.0,0.0,0.0,0.0,0.0,0.0,0.0,0.0,0.0,0.0,0.0,1.5944242e-06,2.4139882e-07,7.4505806e-08,3.4071504e-06,3.1135976e-06,0.0,1.616776e-06,0.0,0.0
374,1,,,0.0,0.0,0.0,0.0,0.0,0.0,0.0,0.0,0.0,0.0,0.0,0.0,0.0,0.0,0.0,0.0,0.0,0.0,0.0,0.0,0.0,0.0,0.0,0.0,0.0,0.0,0.0,0.0,0.0,0.0
379,1,,,0.0,0.0,0.0,0.0,0.0,0.0,0.0,0.0,0.0,0.0,0.0,0.0,0.0,0.0,0.0,0.0,0.0,0.0,0.0,0.0,0.0,0.0,0.0,0.0,0.0,0.0,0.0,0.0,0.0,0.0
381,1,0.5222329678670935,0.7818181818181817,0.020215869,0.9074251,0.025364392,0.0005080998,0.016990215,0.09025358,0.13610622,0.030996956,0.090538666,0.025361717,0.0006877447,0.11961783,0.0006877447,0.0006877447,0.0006877447,0.0006877447,0.0006877447,0.0006877447,0.0006877447,0.0006877447,0.0060678897,0.95471257,0.0078537,4.291488e-06,0.009195825,0.036085434,0.03485412,0.004482732,0.0373543,0.0099284705
384,1,,,0.0,0.0,0.0,0.0,0.0,0.0,0.0,0.0,0.0,0.0,0.0,0.0,0.0,0.0,0.0,0.0,0.0,0.0,0.0,0.0,0.0,0.0,0.0,0.0,0.0,0.0,0.0,0.0,0.0,0.0
387,1,,,0.0,0.0,0.0,0.0,0.0,0.0,0.0,0.0,0.0,0.0,0.0,0.0,0.0,0.0,0.0,0.0,0.0,0.0,0.0,0.0,0.0,0.0,0.0,0.0,0.0,0.0,0.0,0.0,0.0,0.0
390,1,,,0.0,0.0,0.0,0.0,0.0,0.0,0.0,0.0,0.0,0.0,0.0,0.0,0.0,0.0,0.0,0.0,0.0,0.0,0.0,0.0,0.0,0.0,0.0,0.0,0.0,0.0,0.0,0.0,0.0,0.0
393,1,,,0.0,0.0,0.0,0.0,0.0,0.0,0.0,0.0,0.0,0.0,0.0,0.0,0.0,0.0,0.0,0.0,0.0,0.0,0.0,0.0,0.0,0.0,0.0,0.0,0.0,0.0,0.0,0.0,0.0,0.0
398,1,,,0.0,0.0,0.0,0.0,0.0,0.0,0.0,0.0,0.0,0.0,0.0,0.0,0.0,0.0,0.0,0.0,0.0,0.0,0.0,0.0,0.0,0.0,0.0,0.0,0.0,0.0,0.0,0.0,0.0,0.0
403,1,,,0.0,0.0,0.0,0.0,0.0,0.0,0.0,0.0,0.0,0.0,0.0,0.0,0.0,0.0,0.0,0.0,0.0,0.0,0.0,0.0,0.0,0.0,0.0,0.0,0.0,0.0,0.0,0.0,0.0,0.0
405,1,,,0.0,0.0,0.0,0.0,0.0,0.0,0.0,0.0,0.0,0.0,0.0,0.0,0.0,0.0,0.0,0.0,0.0,0.0,0.0,0.0,0.0,0.0,0.0,0.0,0.0,0.0,0.0,0.0,0.0,0.0
415,1,,,0.0,0.0,0.0,0.0,0.0,0.0,0.0,0.0,0.0,0.0,0.0,0.0,0.0,0.0,0.0,0.0,0.0,0.0,0.0,0.0,0.0,0.0,0.0,0.0,0.0,0.0,0.0,0.0,0.0,0.0
416,1,,,0.0,0.0,0.0,0.0,0.0,0.0,0.0,0.0,0.0,0.0,0.0,0.0,0.0,0.0,0.0,0.0,0.0,0.0,0.0,0.0,0.0,0.0,0.0,0.0,0.0,0.0,0.0,0.0,0.0,0.0
417,1,,,0.0,0.0,0.0,0.0,0.0,0.0,0.0,0.0,0.0,0.0,0.0,0.0,0.0,0.0,0.0,0.0,0.0,0.0,0.0,0.0,0.0,0.0,0.0,0.0,0.0,0.0,0.0,0.0,0.0,0.0
419,1,,,0.0,0.0,0.0,0.0,0.0,0.0,0.0,0.0,0.0,0.0,0.0,0.0,0.0,0.0,0.0,0.0,0.0,0.0,0.0,0.0,0.0,0.0,0.0,0.0,0.0,0.0,0.0,0.0,0.0,0.0
0,0,0.5222329678670935,0.8787878787878788,0.0076328143,0.9764082,0.014534569,0.00859721,0.0010816045,0.02015971,0.04050909,0.0016825553,0.022311293,0.03953799,0.00019128589,0.123772606,0.00019128589,0.00019128589,0.00019128589,0.00019128589,0.00019128589,0.00019128589,0.00019128589,0.00019128589,0.0037509438,0.9872494,0.0065599023,0.0022736888,0.0002853994,0.009587547,0.008525866,0.00033015135,0.0088074235,0.0076806447
1,0,0.5222329678670935,0.9515151515151514,0.0011452991,0.99464047,0.0010366887,0.00022765808,0.0018043844,0.00075419573,0.0025523435,0.00020937202,0.0078240195,0.0018314342,3.906132e-05,0.1246816,3.906132e-05,3.906132e-05,3.906132e-05,3.906132e-05,3.906132e-05,3.906132e-05,3.906132e-05,3.906132e-05,0.0004392752,0.9957994,0.0004176558,5.7857855e-05,0.0006890303,0.00023785543,0.0004498856,0.00022262559,0.0012350559,0.00077943446
2,0,0.5222329678670935,0.8303030303030302,0.022753417,0.67741394,0.06350824,0.14786585,0.048815966,0.31593928,0.15925187,0.06603718,0.32235122,0.1425857,0.0027807164,0.10970319,0.0027807164,0.0027807164,0.0027807164,0.0027807164,0.0027807164,0.0027807164,0.0027807164,0.0027807164,0.008009483,0.89426935,0.011593315,0.011161171,0.0012923687,0.091069296,0.008655895,0.008406724,0.076050885,0.017928254
3,0,0.5222329678670935,0.9757575757575757,0.0011615735,0.9950049,0.0015170609,0.00027610594,0.0011068708,0.0015300859,0.0020117643,0.00048587378,0.0023877325,0.000967985,3.5125744e-05,0.12469174,3.5125744e-05,3.5125744e-05,3.5125744e-05,3.5125744e-05,3.5125744e-05,3.5125744e-05,3.5125744e-05,3.5125744e-05,0.0004016201,0.99726933,0.0005293478,7.238927e-05,0.0004865853,0.0005397518,0.00066091696,1.1516383e-05,0.0009033706,0.00014840104
4,0,0.5222329678670935,0.9515151515151514,0.043534994,0.806791,0.12229309,0.025272265,0.09162999,0.18955557,0.37033153,0.030635,0.19183014,0.12676689,0.0015490926,0.11479069,0.0015490926,0.0015490926,0.0015490926,0.0015490926,0.0015490926,0.0015490926,0.0015490926,0.0015490926,0.009676871,0.9268916,0.030928701,0.0031881356,0.030569097,0.0688678,0.06964764,0.008886221,0.06504502,0.027413707
6,0,0.5222329678670935,0.9272727272727272,0.0011492535,0.9955176,0.00086959125,0.00012713391,0.0015725291,0.0007854877,0.0014547156,0.00074659334,0.00027250824,0.0016333682,3.267988e-05,0.12473381,3.267988e-05,3.267988e-05,3.267988e-05,3.267988e-05,3.267988e-05,3.267988e-05,3.267988e-05,3.267988e-05,0.0003926746,0.9970414,0.0002691117,5.755545e-05,0.00058245286,0.0002309529,0.000559508,5.6842728e-05,0.0001958696,0.00041154848
8,0,0.5222329678670935,0.9636363636363635,0.0026202672,0.9906548,0.0012897328,0.003895931,0.0015545688,0.006671683,0.019057779,0.0006843796,0.008810775,0.02442204,7.486256e-05,0.124505624,7.486256e-05,7.486256e-05,7.486256e-05,7.486256e-05,7.486256e-05,7.486256e-05,7.486256e-05,7.486256e-05,0.0016841653,0.99260056,0.0009658875,0.0010084764,0.00037608336,0.0045705116,0.0045981975,3.6484653e-05,0.0049407235,0.004948705
10,0,0.5222329678670935,0.9151515151515152,0.00039777067,0.997975,7.548672e-05,4.6634348e-05,0.0014976847,0.0004315297,9.986269e-05,0.00012983126,0.0001563686,8.596177e-05,1.069919e-05,0.12484317,1.069919e-05,1.069919e-05,1.069919e-05,1.069919e-05,1.069919e-05,1.069919e-05,1.069919e-05,1.069919e-05,0.00015054803,0.99839365,3.0788207e-05,1.3035582e-05,0.00054284977,0.00018441807,7.0989525e-05,2.3504854e-05,4.7362526e-05,2.2139016e-05
11,0,0.5222329678670935,0.8545454545454544,1.5965721e-05,0.999718,3.1083502e-05,1.0539108e-05,4.065626e-05,0.025050787,0.0005520712,9.96914e-05,7.803894e-05,0.00038755866,4.775965e-06,0.1249376,4.775965e-06,4.775965e-06,4.775965e-06,4.775965e-06,4.775965e-06,4.775965e-06,4.775965e-06,4.775965e-06,0.00024032863,0.9974623,0.00068280695,0.00011152266,0.00044464547,0.006637861,0.0005289023,0.0016417122,0.0011802397,0.002135487
12,0,0.5222329678670935,0.8666666666666665,0.0013255769,0.99935836,9.361317e-05,4.3998938e-05,0.00021959713,0.0005919471,0.00016456458,5.520857e-05,2.874009e-05,0.00030996103,3.028749e-06,0.12491788,3.028749e-06,3.028749e-06,3.028749e-06,3.028749e-06,3.028749e-06,3.028749e-06,3.028749e-06,3.028749e-06,0.0004835106,0.9991315,6.3159074e-05,1.1508944e-05,0.00017295819,0.00017334221,0.00010570965,1.29618e-05,0.0001135295,0.00016159052
16,0,0.5222329678670935,0.8666666666666665,0.051284224,0.8688363,0.067163356,0.043036133,0.10504947,0.11549725,0.10138674,0.07446277,0.12957415,0.11954425,0.001228544,0.11966144,0.001228544,0.001228544,0.001228544,0.001228544,0.001228544,0.001228544,0.001228544,0.001228544,0.005821171,0.9712907,0.009499591,0.0029763277,0.025082132,0.028011803,0.020868268,0.012827331,0.022052994,0.017051412
18,0,0.5222329678670935,0.8181818181818182,0.0012716111,0.990732,0.000361979,0.0005292129,0.005856037,0.0013329303,0.005300097,1.6605482e-05,0.009736525,0.005508274,7.138808e-05,0.124483995,7.138808e-05,7.138808e-05,7.138808e-05,7.138808e-05,7.138808e-05,7.138808e-05,7.138808e-05,7.138808e-05,0.00052410923,0.9934267,0.00019820486,0.00011145814,0.0019570456,0.0003953111,0.0015232239,0.00052084663,0.0011568725,0.0018907406
19,0,0.5222329678670935,0.8181818181818182,0.0028316732,0.9956343,0.00065713073,0.0007783114,0.0029794534,0.0014897671,7.445039e-05,0.00060050003,0.00035538198,0.0031489716,3.0455765e-05,0.12472839,3.0455765e-05,3.0455765e-05,3.0455765e-05,3.0455765e-05,3.0455765e-05,3.0455765e-05,3.0455765e-05,3.0455765e-05,0.001141367,0.99724674,0.00021025949,0.00015877723,0.0011474185,0.000599408,0.00031741173,9.25951e-05,0.00011171494,0.00093608245
20,0,0.5222329678670935,0.8787878787878788,0.0014384082,0.98794454,0.0005783187,0.0010734685,0.005699458,0.0028452137,0.006893575,0.006950677,0.007720171,0.010816316,9.529919e-05,0.12435077,9.529919e-05,9.529919e-05,9.529919e-05,9.529919e-05,9.529919e-05,9.529919e-05,9.529919e-05,9.529919e-05,0.00035422042,0.99503624,8.982479e-05,0.00024304443,0.001088537,0.0012077654,0.0011735612,0.0014777717,0.0011037884,0.0032546525
21,0,0.5222329678670935,0.8787878787878788,0.0006208023,0.99810714,6.302749e-05,1.7188722e-06,0.0016004506,0.00555091,0.0010417607,0.0010392283,0.0042595165,0.0002651785,1.0777613e-05,0.12486039,1.0777613e-05,1.0777613e-05,1.0777613e-05,1.0777613e-05,1.0777613e-05,1.0777613e-05,1.0777613e-05,1.0777613e-05,0.00031715154,0.9975721,0.00014997774,0.00014830843,0.00081012707,0.0016051478,0.0002503413,0.0007929952,0.0005899212,0.00028847528
22,0,0.5222329678670935,0.7939393939393938,0.023223482,0.8554294,0.025538653,0.014812931,0.02180773,0.14186841,0.14325845,0.022196382,0.14285377,0.03525886,0.0010650635,0.11651426,0.0010650635,0.0010650635,0.0010650635,0.0010650635,0.0010650635,0.0010650635,0.0010650635,0.0010650635,0.0068374635,0.94106036,0.0072426423,0.0011791334,0.0095796045,0.049562313,0.033759348,0.002520226,0.042861544,0.0046477015
25,0,0.5222329678670935,0.9878787878787878,0.00020147767,0.99741006,0.0005802312,0.0001741671,0.00047920714,0.000800206,0.00077964715,0.00032119546,0.0018404274,9.501516e-05,1.559341e-05,0.1248166,1.559341e-05,1.559341e-05,1.559341e-05,1.559341e-05,1.559341e-05,1.559341e-05,1.559341e-05,1.559341e-05,6.4096996e-05,0.9984282,0.00018899729,4.3605214e-05,0.00015316752,0.00028745522,0.00020885168,5.205389e-05,0.0005567812,3.217397e-05
27,0,0.5222329678670935,0.8666666666666665,0.0047989255,0.98027194,0.004850317,0.00089256465,0.010563472,0.014051486,0.011099651,0.0050387233,0.017118456,0.016615132,0.00016834063,0.12404906,0.00016834063,0.00016834063,0.00016834063,0.00016834063,0.00016834063,0.00016834063,0.00016834063,0.00016834063,0.0023003507,0.9794296,0.0023102064,2.4395965e-06,0.009477576,0.0059207147,0.03927876,0.00041215844,0.03264435,0.013806936
28,0,0.5222329678670935,0.7939393939393938,0.00010406699,0.9998763,5.073023e-06,7.881361e-06,1.1321943e-05,3.6925834e-05,3.4174926e-05,1.5831603e-05,4.4166518e-07,4.6936286e-05,5.543313e-06,0.12494629,5.543313e-06,5.543313e-06,5.543313e-06,5.543313e-06,5.543313e-06,5.543313e-06,5.543313e-06,5.543313e-06,9.260424e-05,0.99970615,9.593731e-06,1.3812896e-05,4.8121838e-05,4.436459e-05,4.8144568e-05,2.0789423e-06,1.7160589e-06,2.876863e-05
30,0,0.5222329678670935,0.8424242424242423,0.00015323673,0.9997324,8.209402e-05,8.1956387e-07,2.8314462e-05,0.00023287695,0.00017866102,5.9702492e-05,0.00010577103,4.3578126e-05,4.7933263e-06,0.1249382,4.7933263e-06,4.7933263e-06,4.7933263e-06,4.7933263e-06,4.7933263e-06,4.7933263e-06,4.7933263e-06,4.7933263e-06,0.00011009899,0.99953127,7.532652e-05,5.0771296e-06,6.951826e-05,0.000107774045,0.00011444486,2.5888547e-05,2.1719605e-05,1.2666182e-05
31,0,0.5222329678670935,0.7212121212121211,0.0028630998,0.9814635,0.0033408292,0.0027714428,0.005776574,0.0038954252,0.0017607883,0.011350934,0.0024106577,0.016784215,0.00015622658,0.12408899,0.00015622658,0.00015622658,0.00015622658,0.00015622658,0.00015622658,0.00015622658,0.00015622658,0.00015622658,0.00085757003,0.9925481,0.00085795036,0.00043193199,0.0016163255,0.00016269184,0.0008062793,0.003401972,0.0011205904,0.0049341274
32,0,0.5222329678670935,0.9393939393939393,0.0008198248,0.99951684,6.930623e-05,0.00033637614,6.4216e-05,0.00045054947,2.8418901e-05,5.54774e-05,5.410373e-06,0.00025005185,3.3602041e-06,0.124924965,3.3602041e-06,3.3602041e-06,3.3602041e-06,3.3602041e-06,3.3602041e-06,3.3602041e-06,3.3602041e-06,3.3602041e-06,0.0002825923,0.9992604,5.565334e-05,0.00011579401,9.239758e-05,0.00016969672,4.983294e-05,2.1767766e-05,4.6952002e-05,0.00014480934
33,0,0.5222329678670935,0.6606060606060605,4.025601e-05,0.9990475,0.000146962,6.3086336e-05,0.00027952553,0.00330937,0.0032223696,0.00033682626,0.00062135386,0.008543451,2.2828892e-06,0.12490148,2.2828892e-06,2.2828892e-06,2.2828892e-06,2.2828892e-06,2.2828892e-06,2.2828892e-06,2.2828892e-06,2.2828892e-06,6.971373e-05,0.99768317,0.0005592738,0.0003488975,0.00038862313,0.0001822622,0.0007795411,0.00034811633,0.00065268495,0.0020720481
36,0,0.5222329678670935,0.9515151515151514,1.5335158e-05,0.99493724,0.0004695002,0.0009222785,0.00236626,0.010164576,0.002186939,0.0024574734,0.00070454273,0.0043100575,3.785656e-05,0.12470787,3.785656e-05,3.785656e-05,3.785656e-05,3.785656e-05,3.785656e-05,3.785656e-05,3.785656e-05,3.785656e-05,7.585889e-05,0.99693537,0.00033670475,0.00020752815,0.0007339404,0.0025654065,0.0007430848,0.001014211,8.362917e-05,0.0019510243
38,0,0.5222329678670935,0.7333333333333332,0.00012045655,0.999868,1.5215424e-05,5.037451e-06,1.4486388e-05,4.3273263e-05,2.7374044e-05,3.9564533e-05,4.759495e-07,4.349604e-05,5.5144737e-06,0.12494587,5.5144737e-06,5.5144737e-06,5.5144737e-06,5.5144737e-06,5.5144737e-06,5.5144737e-06,5.5144737e-06,5.5144737e-06,0.00010466783,0.9997016,1.527921e-05,6.253318e-06,4.93048e-05,4.6888552e-05,5.2566622e-05,1.0334851e-05,8.982359e-07,3.1736385e-05
39,0,0.5222329678670935,0.7575757575757575,0.0009907437,0.98969895,0.0027448637,0.00038725138,0.0043174983,0.0027251774,0.015938029,0.0026083984,0.006376813,0.0077510444,8.21803e-05,0.12445199,8.21803e-05,8.21803e-05,8.21803e-05,8.21803e-05,8.21803e-05,8.21803e-05,8.21803e-05,8.21803e-05,0.00040270053,0.9942565,0.00094459765,8.7576314e-05,0.0016504165,0.0001686295,0.0012816859,0.0021897724,0.0025060887,0.0030766465
41,0,0.5222329678670935,0.5878787878787878,2.2046603e-05,0.9997705,1.173155e-05,2.2088512e-05,2.3895045e-05,0.0014139385,4.270696e-06,2.4310822e-05,0.00013257565,8.643295e-05,4.8131324e-06,0.12493969,4.8131324e-06,4.8131324e-06,4.8131324e-06,4.8131324e-06,4.8131324e-06,4.8131324e-06,4.8131324e-06,4.8131324e-06,0.000100420206,0.9990142,4.1390766e-05,0.000105008265,8.326002e-05,0.00060146203,0.00014387153,0.00034451942,0.0004316676,3.8770366e-05
42,0,0.5222329678670935,0.8303030303030302,0.015603706,0.75788176,0.111628786,0.022398561,0.020512968,0.23614964,0.34938297,0.013444811,0.24156633,0.02686873,0.0018048813,0.11097915,0.0018048813,0.0018048813,0.0018048813,0.0018048813,0.0018048813,0.0018048813,0.0018048813,0.0018048813,0.0067579276,0.90434694,0.032016795,0.001370493,0.0067038476,0.079505526,0.07129543,0.008307193,0.07569961,0.01014028
43,0,0.5222329678670935,0.5757575757575757,0.00096966047,0.9929531,0.0011862088,0.0012935181,0.002208271,0.00059261546,0.0067171385,0.00065565854,0.009879516,0.003946351,5.2324125e-05,0.12459005,5.2324125e-05,5.2324125e-05,5.2324125e-05,5.2324125e-05,5.2324125e-05,5.2324125e-05,5.2324125e-05,5.2324125e-05,0.00046238894,0.99491423,0.00065668544,0.00012461378,0.0010505788,0.00044283256,0.00045787916,0.0017552834,0.0030786886,0.0021401173
44,0,0.5222329678670935,0.8060606060606059,1.9087092e-05,0.9997485,6.112852e-06,3.6776066e-05,3.666601e-05,0.0016173151,2.5194895e-06,3.813686e-05,7.644956e-05,8.691713e-06,4.7720805e-06,0.12493873,4.7720805e-06,4.7720805e-06,4.7720805e-06,4.7720805e-06,4.7720805e-06,4.7720805e-06,4.7720805e-06,4.7720805e-06,0.00010181438,0.9989522,1.5158711e-05,0.00011487544,9.6183256e-05,0.00072077237,0.00014989049,0.00032231177,0.00038730598,7.1351096e-05
45,0,0.5222329678670935,0.9030303030303028,0.0013381988,0.99439067,0.00018143654,0.002133871,0.002517626,0.0024046279,0.0030672178,0.002861076,0.0013050358,0.0030955775,4.200497e-05,0.12467688,4.200497e-05,4.200497e-05,4.200497e-05,4.200497e-05,4.200497e-05,4.200497e-05,4.200497e-05,4.200497e-05,0.00044758283,0.9969212,5.4366217e-05,0.00043099985,0.0006858449,0.00075724453,0.00056553073,0.0010351654,0.00038996112,0.0010452932
46,0,0.058025885318565944,0.8424242424242423,0.035684347,0.36109513,0.10418397,0.015318096,0.059612095,0.63280964,0.547074,0.16780397,0.6385882,0.43261573,0.0052021607,0.091956325,0.0052021607,0.0052021607,0.0052021607,0.0052021607,0.0052021607,0.0052021607,0.0052021607,0.0052021607,0.007975665,0.8274145,0.025188873,0.0014877098,0.014184311,0.16766901,0.06234775,0.02311774,0.100241065,0.064107165
47,0,0.5222329678670935,0.6,0.0033730608,0.99938685,0.00011328608,9.180396e-05,0.00018170918,0.0008231359,5.152088e-05,0.00022699675,0.00014325697,0.00033832874,2.8477132e-06,0.124918275,2.8477132e-06,2.8477132e-06,2.8477132e-06,2.8477132e-06,2.8477132e-06,2.8477132e-06,2.8477132e-06,2.8477132e-06,0.0013666468,0.9986701,8.7412875e-05,3.1159227e-05,0.000544456,0.00024874246,0.00034949247,9.063538e-05,0.00024070547,0.00025383395
48,0,0.5222329678670935,0.8909090909090909,0.0051718485,0.97545946,0.005785942,0.0025486127,0.012346969,0.0050540753,0.0012036525,0.018333223,0.004192535,0.02296412,0.00021348934,0.12385382,0.00021348934,0.00021348934,0.00021348934,0.00021348934,0.00021348934,0.00021348934,0.00021348934,0.00021348934,0.0012117533,0.9912694,0.0013749417,0.00028056424,0.0026824023,0.00021024006,0.0005136433,0.004591402,0.0013748729,0.0063199895
51,0,0.5222329678670935,0.7454545454545454,0.0008016061,0.9940314,0.0008647023,0.0017278083,0.0014666668,0.00012502726,0.0012088665,0.0012511751,0.009891182,0.0032247142,4.233265e-05,0.12463492,4.233265e-05,4.233265e-05,4.233265e-05,4.233265e-05,4.233265e-05,4.233265e-05,4.233265e-05,4.233265e-05,0.00037773006,0.99556416,0.0005616521,0.00046899047,0.0007548777,0.00051940564,2.7477712e-05,0.0016841531,0.002651771,0.0017670868
52,0,0.5222329678670935,0.9878787878787878,0.059186384,0.8079476,0.12962063,0.05610697,0.14984083,0.18860961,0.5055469,0.09190471,0.1911285,0.13354704,0.0017095287,0.11637921,0.0017095287,0.0017095287,0.0017095287,0.0017095287,0.0017095287,0.0017095287,0.0017095287,0.0017095287,0.01146304,0.93416196,0.027584637,0.0052525294,0.04554566,0.06691862,0.083861426,0.021108836,0.06276467,0.030562112
53,0,0.5222329678670935,0.9515151515151514,0.0002932304,0.9977547,7.659057e-05,0.00023455871,0.00094739895,0.0034463916,0.0026240756,0.001264129,0.0006358982,0.0013393248,1.3261137e-05,0.124838695,1.3261137e-05,1.3261137e-05,1.3261137e-05,1.3261137e-05,1.3261137e-05,1.3261137e-05,1.3261137e-05,1.3261137e-05,0.00015615,0.998072,0.00015045861,7.032891e-05,0.00042325407,0.0009800425,0.000532508,0.0006963978,0.00034349452,0.0008175563
54,0,0.5222329678670935,0.709090909090909,5.345483e-05,0.99975365,3.3663047e-05,6.2726467e-06,3.6279394e-05,0.023518283,0.00040478748,0.00010449637,7.457298e-05,0.0001161035,4.930286e-06,0.124939494,4.930286e-06,4.930286e-06,4.930286e-06,4.930286e-06,4.930286e-06,4.930286e-06,4.930286e-06,4.930286e-06,0.000104637,0.9977543,0.000836773,0.00019990254,0.00049115374,0.006269803,0.00048327114,0.0016419453,0.0011019167,0.0020146212
55,0,0.5222329678670935,0.9272727272727272,0.004535377,0.58376455,0.1391446,0.0149207115,0.04770717,0.41172373,0.43333086,0.07756615,0.4161186,0.20556456,0.0030072397,0.10003573,0.0030072397,0.0030072397,0.0030072397,0.0030072397,0.0030072397,0.0030072397,0.0030072397,0.0030072397,0.0040213335,0.84831667,0.030465394,0.0016526177,0.017397111,0.12733641,0.07776363,0.0149592105,0.09683545,0.04964829
56,0,0.5222329678670935,0.9636363636363635,0.0053727785,0.98559964,0.0032806322,0.0019081123,0.0011586137,0.011284999,0.02563738,0.00061702356,0.013624766,0.04037292,0.00011926643,0.12427336,0.00011926643,0.00011926643,0.00011926643,0.00011926643,0.00011926643,0.00011926643,0.00011926643,0.00011926643,0.003033309,0.990178,0.0019345835,0.00027379818,0.00019824776,0.006536705,0.0058742976,1.4129933e-05,0.006631837,0.007594245
58,0,0.5222329678670935,0.9151515151515152,0.00034957798,0.9985977,8.2754064e-05,0.0002336459,0.0005738623,0.0048278514,0.00010198518,0.0005258326,0.0028043126,0.00050095376,6.385553e-06,0.12488217,6.385553e-06,6.385553e-06,6.385553e-06,6.385553e-06,6.385553e-06,6.385553e-06,6.385553e-06,6.385553e-06,0.00020004166,0.99831027,5.516939e-05,0.000105563224,0.00023744038,0.0013109104,2.5285499e-05,0.00022341279,0.0003784651,0.0006057996
60,0,0.5222329678670935,0.7333333333333332,0.00091266586,0.9931982,0.0012523485,0.0011947486,0.0018317723,0.00041536707,0.0036439071,0.0015353756,0.010867417,0.0037521995,4.9584345e-05,0.124596044,4.9584345e-05,4.9584345e-05,4.9584345e-05,4.9584345e-05,4.9584345e-05,4.9584345e-05,4.9584345e-05,4.9584345e-05,0.00041945156,0.9951413,0.00071517343,0.0002101312,0.00090395694,0.00050633866,0.0002254131,0.0018753862,0.00302538,0.001996364
61,0,0.5222329678670935,0.9272727272727272,0.00039558345,0.9955735,0.00032103015,0.0006049818,0.002690674,0.001979041,8.912757e-07,0.0023466905,0.00045424467,0.0036850213,3.1971173e-05,0.12473442,3.1971173e-05,3.1971173e-05,3.1971173e-05,3.1971173e-05,3.1971173e-05,3.1971173e-05,3.1971173e-05,3.1971173e-05,0.00010502903,0.997022,0.0001403791,0.00012494248,0.00081279705,0.00069440657,0.00010241048,0.00039382363,0.00015004612,0.0013090891
62,0,0.5222329678670935,0.9636363636363635,0.00077888556,0.98618054,0.0017812243,0.00077681243,0.0073883836,0.0011040978,0.0016781073,0.0039886627,0.009513356,0.011552518,0.00010723034,0.12423765,0.00010723034,0.00010723034,0.00010723034,0.00010723034,0.00010723034,0.00010723034,0.00010723034,0.00010723034,0.000233266,0.9944522,0.00043768375,1.1954782e-05,0.001715558,0.00019472581,0.0004616902,0.00091493956,0.0014279403,0.0032633268
63,0,0.5222329678670935,0.9393939393939393,0.00024031394,0.9984268,8.2976534e-05,9.858364e-05,0.000636768,0.004212284,0.0005192227,0.0006996053,0.00010075874,0.0005989174,7.647187e-06,0.12487216,7.647187e-06,7.647187e-06,7.647187e-06,7.647187e-06,7.647187e-06,7.647187e-06,7.647187e-06,7.647187e-06,0.00017018129,0.9982297,0.000106656225,1.60239e-05,0.00027629532,0.0012874363,0.00027468387,0.00039036432,0.0002548637,0.00066033064
65,0,0.5222329678670935,0.9515151515151514,0.0008081455,0.99860454,0.0005759348,9.9872355e-05,0.00027319486,1.3505574e-05,0.00027749373,0.00030455051,0.0006627968,0.00013673585,5.7670313e-06,0.12487746,5.7670313e-06,5.7670313e-06,5.7670313e-06,5.7670313e-06,5.7670313e-06,5.7670313e-06,5.7670313e-06,5.7670313e-06,0.0002718324,0.99896955,0.00025427956,1.0057004e-05,0.000107827844,3.0981842e-06,8.8318724e-05,7.175622e-05,0.0002548719,4.333283e-05
67,0,0.5222329678670935,0.9151515151515152,0.0006487351,0.9972601,0.00014714431,0.00024429406,0.0020852764,0.0057763252,0.0016516966,0.0011950711,0.0051391246,0.0006637187,1.7562372e-05,0.124815576,1.7562372e-05,1.7562372e-05,1.7562372e-05,1.7562372e-05,1.7562372e-05,1.7562372e-05,1.7562372e-05,1.7562372e-05,0.00035819548,0.99684656,1.7899365e-05,0.00022769565,0.0009995209,0.0016135944,0.00042694266,0.00092785794,0.00085375784,0.00044085327
68,0,0.5222329678670935,0.9151515151515152,0.00019154634,0.9995582,4.2431115e-05,5.573203e-05,0.000113789545,9.7004144e-05,2.162141e-05,5.4866454e-05,0.00015945669,0.00035133527,3.7343214e-06,0.12492787,3.7343214e-06,3.7343214e-06,3.7343214e-06,3.7343214e-06,3.7343214e-06,3.7343214e-06,3.7343214e-06,3.7343214e-06,9.625007e-05,0.99945766,1.5754864e-05,3.6193316e-05,7.531022e-05,8.415533e-05,1.1813455e-05,9.200825e-06,3.828358e-05,0.00010225586
69,0,0.5222329678670935,0.9636363636363635,0.03015443,0.8516008,0.08184754,0.009877846,0.039910197,0.14575982,0.16581006,0.012926266,0.14558381,0.0684053,0.0011076021,0.11641853,0.0011076021,0.0011076021,0.0011076021,0.0011076021,0.0011076021,0.0011076021,0.0011076021,0.0011076021,0.0077499375,0.94074404,0.023068728,0.0004940906,0.013233319,0.053806745,0.036601443,0.0011576999,0.04616286,0.017613184
70,0,0.5222329678670935,0.7939393939393938,0.0012574764,0.996167,0.0008878778,0.00027152942,0.0017089744,0.027044795,0.0008784719,0.0028494059,1.3375655e-05,0.00356516,2.7695409e-05,0.12477015,2.7695409e-05,2.7695409e-05,2.7695409e-05,2.7695409e-05,2.7695409e-05,2.7695409e-05,2.7695409e-05,2.7695409e-05,0.00011593809,0.9965681,0.0014830686,4.224279e-05,0.00094614056,0.0071409764,0.0007828722,0.0023617777,0.0012692121,0.0033112448
71,0,0.5222329678670935,0.709090909090909,0.0018381174,0.99073726,0.0022266489,0.00018491875,0.0037116427,0.0029348894,0.0105344225,0.0019137482,0.00031868648,0.0005840324,7.056637e-05,0.12447726,7.056637e-05,7.056637e-05,7.056637e-05,7.056637e-05,7.056637e-05,7.056637e-05,7.056637e-05,7.056637e-05,0.00083174714,0.99404466,0.0008146898,2.5003514e-05,0.0020316676,0.001055144,0.0041282037,0.00070459384,0.0022126755,0.00023993093
73,0,0.5222329678670935,0.9515151515151514,0.0014507975,0.9902883,0.004413253,0.0014274605,0.0022566188,0.00079349056,0.00048529636,0.00399772,0.024329947,0.0052795443,7.2280665e-05,0.124436565,7.2280665e-05,7.2280665e-05,7.2280665e-05,7.2280665e-05,7.2280665e-05,7.2280665e-05,7.2280665e-05,7.2280665e-05,0.0005309087,0.99354327,0.002210489,0.000370233,0.0009979224,0.0005133715,6.0473172e-05,0.0025055786,0.0044275275,0.0023815199
74,0,0.5222329678670935,0.7212121212121211,0.00016209472,0.99902457,9.805703e-05,8.062582e-05,0.00031850638,0.0053707897,0.000122004654,0.000484652,0.00064452726,0.018885862,2.7631456e-06,0.12490295,2.7631456e-06,2.7631456e-06,2.7631456e-06,2.7631456e-06,2.7631456e-06,2.7631456e-06,2.7631456e-06,2.7631456e-06,0.0015891306,0.99696845,0.0010022954,4.7684825e-05,0.000324297,0.00097546645,0.0002129311,0.0003016386,0.002232009,0.0050423006
76,0,0.5222329678670935,0.9030303030303028,0.000102507474,0.99947196,0.00011867937,5.9931073e-05,0.00012770868,0.00012493628,7.392536e-05,7.165436e-05,0.0002632296,0.00037492148,3.2979042e-06,0.124923095,3.2979042e-06,3.2979042e-06,3.2979042e-06,3.2979042e-06,3.2979042e-06,3.2979042e-06,3.2979042e-06,3.2979042e-06,5.326131e-05,0.999406,5.0462957e-05,4.1859188e-05,7.626224e-05,8.973228e-05,3.118487e-05,1.40155125e-05,6.426953e-05,0.00010606026
78,0,0.5222329678670935,0.8303030303030302,0.00074562826,0.99598116,0.000970721,0.00017017778,0.0029982757,0.0036348328,0.0022562812,0.0017769167,0.004313199,0.00044798176,2.9129995e-05,0.1247598,2.9129995e-05,2.9129995e-05,2.9129995e-05,2.9129995e-05,2.9129995e-05,2.9129995e-05,2.9129995e-05,2.9129995e-05,0.0003256444,0.9965762,0.00045942538,0.00014674391,0.0010570873,0.0010681858,0.0005159945,0.00059811206,0.0009405598,0.000826569
80,0,0.5222329678670935,0.8666666666666665,0.004078226,0.98341507,0.0025793053,0.0009911954,0.007895994,0.0056273863,0.009787497,0.011657791,0.006576211,0.016098771,0.0001425183,0.12420954,0.0001425183,0.0001425183,0.0001425183,0.0001425183,0.0001425183,0.0001425183,0.0001425183,0.0001425183,0.00072622846,0.99344844,0.0008647645,0.00015282477,0.0019246399,0.0019117789,0.0015495359,0.003183512,0.00018852318,0.0051848264
81,0,0.5222329678670935,0.5878787878787878,1.9345855e-05,0.99983543,5.6020945e-06,1.23628415e-05,1.6613209e-05,0.0019124427,6.2139006e-06,3.0004216e-05,0.0002212239,7.9648555e-05,5.233276e-06,0.12494362,5.233276e-06,5.233276e-06,5.233276e-06,5.233276e-06,5.233276e-06,5.233276e-06,5.233276e-06,5.233276e-06,9.5460986e-05,0.9989845,0.00010704245,0.00013125889,8.165639e-05,0.0007182762,0.0001446632,0.0004774215,0.00048725796,8.317048e-05
82,0,0.5222329678670935,0.8787878787878788,0.0013961773,0.98880756,0.0023686383,0.0011402853,0.0059564183,0.001707457,0.006169757,0.0015982455,0.012881219,0.007439144,8.748773e-05,0.12438833,8.748773e-05,8.748773e-05,8.748773e-05,8.748773e-05,8.748773e-05,8.748773e-05,8.748773e-05,8.748773e-05,0.0005396685,0.992832,0.00082211476,0.00023372141,0.0019772192,0.00042543892,0.0014796999,0.001095601,0.0015804159,0.0024583922
83,0,0.5222329678670935,0.6969696969696969,8.391752e-05,0.9979314,0.0003070752,0.00030790013,0.00040978228,0.002991031,0.04990044,0.0071924436,0.0018174023,0.09505666,1.3496686e-05,0.1248629,1.3496686e-05,1.3496686e-05,1.3496686e-05,1.3496686e-05,1.3496686e-05,1.3496686e-05,1.3496686e-05,1.3496686e-05,0.0014471584,0.98159283,0.00091012614,0.0009886888,0.0035284099,0.009778575,0.027123744,0.00014267162,0.02623415,0.032244317
84,0,0.5222329678670935,0.9515151515151514,0.00020052237,0.9967889,0.0017318473,0.00040521054,3.3692922e-05,0.0009928951,0.0006427162,0.0037315933,0.0024227155,0.0007106217,1.9896406e-05,0.12477768,1.9896406e-05,1.9896406e-05,1.9896406e-05,1.9896406e-05,1.9896406e-05,1.9896406e-05,1.9896406e-05,1.9896406e-05,6.506393e-05,0.99796027,0.0005732735,3.4816483e-06,1.4434443e-05,0.00044313027,0.00018233925,0.00089583325,0.0006837628,0.00013085498
85,0,0.5222329678670935,0.33333333333333326,0.00014876793,0.9995137,0.00015597863,4.8799033e-05,3.47913e-06,0.024967294,0.00068474584,0.00018582444,0.00023154152,0.0017832037,3.7378677e-06,0.124926224,3.7378677e-06,3.7378677e-06,3.7378677e-06,3.7378677e-06,3.7378677e-06,3.7378677e-06,3.7378677e-06,3.7378677e-06,0.002431235,0.9967209,0.0019497343,9.803474e-05,0.0024315596,0.0067675053,0.0021874465,0.0017321727,0.0010515155,0.0013302583
86,0,0.5222329678670935,0.9515151515151514,0.013248883,0.9486392,0.008066598,0.004842393,0.0102861,0.049564376,0.09484743,0.030159265,0.049780104,0.04714503,0.00038215853,0.122019336,0.00038215853,0.00038215853,0.00038215853,0.00038215853,0.00038215853,0.00038215853,0.00038215853,0.00038215853,0.004697761,0.96900594,0.00302133,0.000175551,0.0067948573,0.024036977,0.026183615,0.004768668,0.027324682,0.014732267
87,0,0.5222329678670935,0.9272727272727272,0.008529289,0.9806854,0.011385744,0.0017985888,0.0015814118,0.016978614,0.0021325406,0.0003673602,0.017396847,0.007490744,0.00016293168,0.124052055,0.00016293168,0.00016293168,0.00016293168,0.00016293168,0.00016293168,0.00016293168,0.00016293168,0.00016293168,0.0020776582,0.99419165,0.00248679,7.4851837e-06,0.00023638453,0.0049336674,0.00022450909,0.00012605189,0.0027071359,0.0009589537
88,0,0.5222329678670935,0.49090909090909085,3.742025e-05,0.9992828,0.00015508436,5.1835726e-05,0.00026230313,0.009035166,9.9764206e-05,0.00036632063,0.00033200905,0.002673909,3.5001015e-06,0.12491681,3.5001015e-06,3.5001015e-06,3.5001015e-06,3.5001015e-06,3.5001015e-06,3.5001015e-06,3.5001015e-06,3.5001015e-06,0.00023000925,0.9984066,0.00064457173,9.357356e-06,0.0002237075,0.0023403906,7.52397e-05,0.00040352606,1.09090715e-05,3.898068e-05
89,0,0.5222329678670935,0.8909090909090909,0.0006195444,0.99948555,9.130279e-06,4.038459e-05,0.00027695426,0.0005085373,0.00022525119,2.6441936e-05,2.278795e-05,8.720407e-05,3.4201912e-06,0.12492402,3.4201912e-06,3.4201912e-06,3.4201912e-06,3.4201912e-06,3.4201912e-06,3.4201912e-06,3.4201912e-06,3.4201912e-06,0.00033220084,0.9991687,4.9213522e-06,3.5894725e-05,0.00030655827,0.00019494959,0.00021280519,9.778085e-06,9.120134e-05,4.6693494e-05
90,0,0.5222329678670935,0.9393939393939393,0.01723992,0.9278186,0.026746843,0.018520959,0.024999257,0.0661895,0.045063287,0.00449083,0.06874918,0.061829932,0.00062272395,0.121581845,0.00062272395,0.00062272395,0.00062272395,0.00062272395,0.00062272395,0.00062272395,0.00062272395,0.00062272395,0.0021620342,0.97882366,0.0040131537,0.0013637107,0.008744733,0.018488355,0.010029033,0.001539472,0.013871677,0.010851026
91,0,0.5222329678670935,0.8909090909090909,0.013401512,0.9473036,0.008148827,0.009961266,0.017268978,0.045483228,0.2370885,0.0144186765,0.04787561,0.040087245,0.00045079683,0.122470126,0.00045079683,0.00045079683,0.00045079683,0.00045079683,0.00045079683,0.00045079683,0.00045079683,0.00045079683,0.002839195,0.97880733,0.005841274,0.0008897352,0.013351219,0.016300736,0.032874532,0.0011085417,0.01615146,0.007896027
92,0,0.5222329678670935,0.7333333333333332,3.9114268e-05,0.99877185,0.00030099717,0.00010297971,0.0005113806,0.004335446,0.00020645664,0.0006734545,0.0008780815,0.026665743,5.13069e-06,0.12489266,5.13069e-06,5.13069e-06,5.13069e-06,5.13069e-06,5.13069e-06,5.13069e-06,5.13069e-06,5.13069e-06,0.00051242654,0.9966512,0.0011162409,0.00027882983,0.00031273294,0.0013752516,0.0002468724,0.00024821455,0.002335481,0.0064703366
95,0,0.5222329678670935,0.6363636363636362,0.000159198,0.9998126,1.3273355e-05,2.5772431e-05,2.3133369e-05,0.024445921,0.00010261354,8.015026e-05,6.557914e-05,0.00010764438,5.3030053e-06,0.12494303,5.3030053e-06,5.3030053e-06,5.3030053e-06,5.3030053e-06,5.3030053e-06,5.3030053e-06,5.3030053e-06,5.3030053e-06,0.00012813232,0.9977735,0.0005868905,0.00012563831,0.00053491385,0.0064344024,0.0005872829,0.0014646298,0.00093449914,0.0021584467
96,0,0.5222329678670935,0.8181818181818182,0.00018431852,0.9954661,0.0008908198,8.526724e-06,0.00022255722,1.8338207e-05,0.0007710825,0.0022009006,0.0022249436,0.0024671995,2.8647019e-05,0.12469108,2.8647019e-05,2.8647019e-05,2.8647019e-05,2.8647019e-05,2.8647019e-05,2.8647019e-05,2.8647019e-05,2.8647019e-05,9.735665e-05,0.9963724,0.0002887282,2.3777773e-05,0.00021324339,7.602807e-05,0.00027915632,0.00053378765,7.998387e-05,0.0011190303
97,0,0.5222329678670935,0.9515151515151514,0.0025067348,0.98305815,0.0048894435,0.0069180094,0.00920397,0.0022554807,0.00036359206,0.012493594,0.003987912,0.015944501,0.0001457493,0.12419402,0.0001457493,0.0001457493,0.0001457493,0.0001457493,0.0001457493,0.0001457493,0.0001457493,0.0001457493,0.0006335279,0.99357766,0.0011732938,0.0008739952,0.0021886933,0.00025558702,0.0006248261,0.0034715116,0.0010246576,0.0045819385
98,0,0.5222329678670935,0.6969696969696969,9.6933916e-05,0.99898845,0.0001635204,0.000116323936,0.0003488267,0.009593723,0.00013811467,0.0005002959,0.0006089981,0.033108283,3.1928735e-06,0.1249023,3.1928735e-06,3.1928735e-06,3.1928735e-06,3.1928735e-06,3.1928735e-06,3.1928735e-06,3.1928735e-06,3.1928735e-06,0.00083684345,0.9962799,0.0015742114,0.00019859834,0.0003126132,0.0009114443,0.00040972684,0.00035623024,0.0020174524,0.0066835047
100,0,0.5222329678670935,0.8545454545454544,0.0021731723,0.98333,0.0004262086,0.0008798111,0.007859955,0.0036162147,0.014905287,0.006385157,0.011880951,0.010668758,0.00013533967,0.12413431,0.00013533967,0.00013533967,0.00013533967,0.00013533967,0.00013533967,0.00013533967,0.00013533967,0.00013533967,0.0007335312,0.990308,0.0007203521,0.00014356598,0.0028653878,0.0005526043,0.0036688861,0.0030834146,0.0008571094,0.003405131
101,0,0.5222329678670935,0.8060606060606059,0.0007672487,0.99547434,0.0007554088,0.0008484479,0.0017732768,0.00071105594,0.0015230812,0.0007054019,0.003921449,0.0023768619,3.1912306e-05,0.12472151,3.1912306e-05,3.1912306e-05,3.1912306e-05,3.1912306e-05,3.1912306e-05,3.1912306e-05,3.1912306e-05,3.1912306e-05,0.00029847203,0.9968548,0.00026243934,0.0002470641,0.0006070534,0.00033029664,0.00028235378,0.00020098271,0.0006179016,0.0008286677
102,0,0.5222329678670935,0.6484848484848483,0.0013946863,0.99139404,0.0010970519,0.00012242701,0.0038229222,0.0014151097,0.0053510144,0.0015847906,0.006773806,0.0032510273,6.4764674e-05,0.12450714,6.4764674e-05,6.4764674e-05,6.4764674e-05,6.4764674e-05,6.4764674e-05,6.4764674e-05,6.4764674e-05,6.4764674e-05,0.00062026305,0.9938256,0.00045394865,6.53245e-05,0.0017458771,0.00049805746,0.0025422792,0.0006726951,6.7149966e-05,0.00085066387
103,0,0.5222329678670935,0.9757575757575757,0.0024029715,0.98925036,0.0010336544,0.00021385495,0.004742237,0.0121954745,0.0048318272,0.0065312968,0.002371977,0.009703999,8.7897235e-05,0.12444736,8.7897235e-05,8.7897235e-05,8.7897235e-05,8.7897235e-05,8.7897235e-05,8.7897235e-05,8.7897235e-05,8.7897235e-05,0.0007549012,0.9950506,0.00045269512,1.4304113e-05,0.0012002784,0.003261049,0.0012948466,0.0020644886,0.00037699187,0.0036570958
104,0,0.5222329678670935,0.8666666666666665,0.0008244063,0.99252117,0.0008891546,0.00013800152,0.003856599,0.00035222247,0.0022141552,0.00053690746,0.0004125852,0.004749056,5.6294797e-05,0.1245718,5.6294797e-05,5.6294797e-05,5.6294797e-05,5.6294797e-05,5.6294797e-05,5.6294797e-05,5.6294797e-05,5.6294797e-05,0.00018194625,0.9954335,0.00025885983,3.7453465e-05,0.001578882,0.00015467028,0.0016132634,0.0002497872,0.0008446156,0.0012194889
105,0,0.5222329678670935,0.9757575757575757,0.00027340045,0.9931891,0.0014785179,0.0006717597,0.0027713613,0.0013616076,0.0010418417,0.002991445,0.0059112124,0.004903071,5.1447394e-05,0.12461167,5.1447394e-05,5.1447394e-05,5.1447394e-05,5.1447394e-05,5.1447394e-05,5.1447394e-05,5.1447394e-05,5.1447394e-05,6.016982e-05,0.9959974,0.00048382013,0.00013372881,0.00082415884,0.0004797709,0.0003239006,0.00061997684,0.00094288326,0.001593766
106,0,0.5222329678670935,0.9151515151515152,0.0016863719,0.9878386,0.004908227,0.00055189803,0.0036771214,0.001893972,0.006619327,0.0065557724,0.023589524,0.008540821,9.4955234e-05,0.12433444,9.4955234e-05,9.4955234e-05,9.4955234e-05,9.4955234e-05,9.4955234e-05,9.4955234e-05,9.4955234e-05,9.4955234e-05,0.00041085287,0.99277055,0.0024062728,0.000106975975,0.0014825435,0.0003794033,0.000765274,0.0031247423,0.004713622,0.0032590486
109,0,0.5222329678670935,0.9030303030303028,0.0014215922,0.99156964,0.0013461104,0.00037069246,0.006042361,0.0032151318,0.00819053,0.0014704783,0.0009481595,0.0040049404,6.630033e-05,0.1245429,6.630033e-05,6.630033e-05,6.630033e-05,6.630033e-05,6.630033e-05,6.630033e-05,6.630033e-05,6.630033e-05,0.00050735695,0.99544823,0.00037274044,0.00014678217,0.0020032884,0.0010966737,0.0020959333,0.00037733576,0.0008138285,0.00095013186
110,0,0.5222329678670935,0.9393939393939393,0.01699149,0.95819724,0.008831155,0.0010642521,0.017387353,0.03837828,0.020659937,0.005090434,0.038770735,0.034048602,0.00037668634,0.12316483,0.00037668634,0.00037668634,0.00037668634,0.00037668634,0.00037668634,0.00037668634,0.00037668634,0.00037668634,0.003308038,0.988375,0.0012178138,0.0002653938,0.0031602376,0.010518438,0.002402781,0.0008514933,0.005367879,0.005319281
111,0,0.5222329678670935,0.9393939393939393,0.041210264,0.52388835,0.089191586,0.021629155,0.07368532,0.47149274,0.2866714,0.1342941,0.47590333,0.35031366,0.0033734096,0.09584672,0.0033734096,0.0033734096,0.0033734096,0.0033734096,0.0033734096,0.0033734096,0.0033734096,0.0033734096,0.00081558374,0.8627764,0.017473616,0.0019634273,0.017231356,0.12760092,0.022442361,0.015107977,0.07966756,0.05658548
112,0,0.5222329678670935,0.8545454545454544,0.0013219882,0.99543166,0.0026286836,3.8992148e-05,0.0010700331,0.00093172165,0.0017574555,0.0009223402,0.0015076427,0.002154261,3.2760963e-05,0.1247238,3.2760963e-05,3.2760963e-05,3.2760963e-05,3.2760963e-05,3.2760963e-05,3.2760963e-05,3.2760963e-05,3.2760963e-05,0.00041577694,0.9976673,0.0007781435,2.4355486e-05,0.00044244132,0.00021961187,0.00076515187,0.0002539119,0.0005283679,0.00038708246
113,0,0.058025885318565944,0.8424242424242423,0.019389987,0.38631612,0.15363154,0.0050594807,0.055989444,0.60786915,0.5289756,0.16793793,0.6133804,0.43147644,0.004902686,0.09241368,0.004902686,0.004902686,0.004902686,0.004902686,0.004902686,0.004902686,0.004902686,0.004902686,0.0058913957,0.8352135,0.026729587,2.7771539e-05,0.013663879,0.16047639,0.059441257,0.023278031,0.09655176,0.06283741
114,0,0.5222329678670935,0.9515151515151514,0.0012801173,0.9910359,0.003860271,0.0017252183,0.0019524717,0.0006009592,0.00041846558,0.0034169438,0.020216217,0.004898836,6.574661e-05,0.124471195,6.574661e-05,6.574661e-05,6.574661e-05,6.574661e-05,6.574661e-05,6.574661e-05,6.574661e-05,6.574661e-05,0.00048184866,0.9940795,0.0019027501,0.00051214476,0.00089548994,0.0005083753,7.0662405e-05,0.002312132,0.0038268124,0.0022279976
116,0,0.5222329678670935,0.7818181818181817,0.017396964,0.88535225,0.009956822,0.007610835,0.06821826,0.10769068,0.16931802,0.034313723,0.11376319,0.021464601,0.0008940912,0.11871584,0.0008940912,0.0008940912,0.0008940912,0.0008940912,0.0008940912,0.0008940912,0.0008940912,0.0008940912,0.0073819757,0.9356427,0.0074611255,5.888287e-05,0.006792809,0.042473223,0.054707132,0.0013604017,0.057581026,0.0016875357
117,0,0.5222329678670935,0.9393939393939393,0.025797304,0.91637427,0.014540397,0.017466404,0.04371064,0.079817444,0.41323495,0.0041769296,0.08237156,0.057449684,0.0007102473,0.12093901,0.0007102473,0.0007102473,0.0007102473,0.0007102473,0.0007102473,0.0007102473,0.0007102473,0.0007102473,0.0070155235,0.95382965,0.0051704813,0.0022949842,0.026963461,0.035652544,0.078880884,0.0063997046,0.049818415,0.01697864
118,0,0.5222329678670935,0.7696969696969697,0.0016646176,0.99318224,0.0007156958,0.00029481063,0.0044455985,0.008845415,0.002185966,0.0022020084,0.0025352929,0.0038590895,5.235423e-05,0.124618955,5.235423e-05,5.235423e-05,5.235423e-05,5.235423e-05,5.235423e-05,5.235423e-05,5.235423e-05,5.235423e-05,0.00054781593,0.99532604,0.0004571355,0.00011186684,0.0013322111,0.0026126015,0.00044677858,0.0007355675,7.3363335e-05,0.001965924
119,0,0.5222329678670935,0.7818181818181817,0.00040370625,0.9995729,5.3025928e-05,4.0796847e-05,0.0002551651,0.00037634218,0.00019845876,0.00016455425,1.5617174e-05,0.0003128435,3.874002e-06,0.12492894,3.874002e-06,3.874002e-06,3.874002e-06,3.874002e-06,3.874002e-06,3.874002e-06,3.874002e-06,3.874002e-06,0.0002874168,0.9992073,6.839499e-05,3.6908117e-05,0.0003563048,0.00018118104,0.00025505637,5.03641e-05,9.4054834e-05,0.00014716288
120,0,0.5222329678670935,0.8181818181818182,0.0002484268,0.9982335,0.0004430866,0.00011593825,0.00039120577,0.00018846907,0.00048483035,0.00032873743,0.0006726063,0.00072855677,9.298312e-06,0.124862865,9.298312e-06,9.298312e-06,9.298312e-06,9.298312e-06,9.298312e-06,9.298312e-06,9.298312e-06,9.298312e-06,7.671073e-05,0.99871886,0.00015137755,3.6516816e-05,0.00021028888,7.4338706e-05,0.00024897023,2.8472848e-05,0.0002448914,0.00019073293
122,0,0.5222329678670935,0.8666666666666665,0.022969902,0.7316576,0.1006479,0.053841412,0.0639268,0.26345927,0.3820109,0.043680906,0.26778835,0.03829041,0.0019761333,0.109242424,0.0019761333,0.0019761333,0.0019761333,0.0019761333,0.0019761333,0.0019761333,0.0019761333,0.0019761333,0.0070194625,0.9034397,0.022945607,0.0045393333,0.026255762,0.08594846,0.072670825,0.013743192,0.07489888,0.009102133
123,0,0.5222329678670935,0.8787878787878788,0.0004560576,0.99847716,0.00012775185,1.0114396e-05,5.7228608e-05,0.00038175716,7.3253526e-05,0.005314354,0.0010084843,0.0006409571,7.2812654e-06,0.12487518,7.2812654e-06,7.2812654e-06,7.2812654e-06,7.2812654e-06,7.2812654e-06,7.2812654e-06,7.2812654e-06,7.2812654e-06,0.00018967668,0.9984541,4.8064416e-05,1.1637454e-05,7.569701e-05,2.7646907e-05,6.613653e-05,0.0009843523,0.00035660222,0.00024111576
124,0,0.5222329678670935,0.7818181818181817,0.0017427299,0.9882755,0.0016240161,0.0030199941,0.0071571884,0.002666587,0.013876923,0.0029548798,0.011004849,0.0059090857,9.432115e-05,0.12438333,9.432115e-05,9.432115e-05,9.432115e-05,9.432115e-05,9.432115e-05,9.432115e-05,9.432115e-05,9.432115e-05,0.00076934986,0.9923425,0.00064661296,0.00046790866,0.0025657755,0.00041905808,0.0029516225,0.002086575,0.0011711626,0.0021700463
125,0,0.5222329678670935,0.9878787878787878,0.001992479,0.98936,0.0031746468,0.0018357867,0.005832991,0.010162094,0.0045055267,0.007819876,0.00618801,0.009734443,9.015745e-05,0.124481425,9.015745e-05,9.015745e-05,9.015745e-05,9.015745e-05,9.015745e-05,9.015745e-05,9.015745e-05,9.015745e-05,0.0005709677,0.9945402,0.0007783337,0.00021447249,0.0013695618,0.003033279,0.001131509,0.0027859372,0.0025010211,0.0038636115
129,0,0.5222329678670935,0.9393939393939393,0.042256713,0.8220032,0.1063939,0.023657173,0.08481328,0.17457783,0.36258036,0.025871754,0.17671372,0.12137394,0.0014319967,0.115638375,0.0014319967,0.0014319967,0.0014319967,0.0014319967,0.0014319967,0.0014319967,0.0014319967,0.0014319967,0.009554805,0.9306898,0.027069028,0.0028438293,0.029777596,0.06429693,0.069196515,0.0080763865,0.06284028,0.026575621
131,0,0.5222329678670935,0.7575757575757575,0.000107067695,0.9992952,8.448039e-05,6.023387e-05,0.00013630616,0.016981795,0.0012147801,0.00029201474,0.00043079455,0.008548697,3.1989725e-06,0.12491618,3.1989725e-06,3.1989725e-06,3.1989725e-06,3.1989725e-06,3.1989725e-06,3.1989725e-06,3.1989725e-06,3.1989725e-06,0.0013124417,0.98819244,0.0007177268,0.0001733564,0.0065542064,0.004238487,0.024071496,0.00040915128,0.016454324,0.008067242
132,0,0.5222329678670935,0.8181818181818182,0.0013026092,0.9886536,0.0034716567,0.0023792833,0.0029147472,0.0015222477,0.0031885495,0.005762118,0.012689948,0.008829404,8.8164925e-05,0.12437518,8.8164925e-05,8.8164925e-05,8.8164925e-05,8.8164925e-05,8.8164925e-05,8.8164925e-05,8.8164925e-05,8.8164925e-05,0.0004386829,0.9938453,0.0016556329,0.00031750763,0.0012105994,0.00041788787,0.00016337477,0.00274994,0.00317332,0.0032088284
133,0,0.5222329678670935,0.9636363636363635,0.0001433799,0.9940319,0.0009633545,0.0003302889,0.0033777251,0.0040632566,0.0023662571,0.004039176,0.0019383193,0.005323456,4.6518788e-05,0.12467266,4.6518788e-05,4.6518788e-05,4.6518788e-05,4.6518788e-05,4.6518788e-05,4.6518788e-05,4.6518788e-05,4.6518788e-05,2.521896e-06,0.9971553,0.00032087744,0.00012748325,0.0007832429,0.0011839028,0.00045633377,0.0011099635,4.6395522e-05,0.0018131181
134,0,0.5222329678670935,0.8181818181818182,0.0020552343,0.9861032,0.0017517004,0.0005382616,0.007204093,0.0030557178,0.012893814,0.0045995656,0.014461928,0.006186002,0.000111771005,0.12426884,0.000111771005,0.000111771005,0.000111771005,0.000111771005,0.000111771005,0.000111771005,0.000111771005,0.000111771005,0.00089242525,0.9910595,0.0009588273,4.922531e-05,0.002658885,0.0004726875,0.0037651719,0.0026226908,0.0009915201,0.0021567629
139,0,0.5222329678670935,0.9515151515151514,0.013076693,0.681232,0.07839696,0.029833406,0.066289425,0.31521422,0.08982918,0.06322053,0.31858823,0.19568093,0.0023314343,0.10613691,0.0023314343,0.0023314343,0.0023314343,0.0023314343,0.0023314343,0.0023314343,0.0023314343,0.0023314343,0.008847298,0.8980397,0.017736059,5.4671896e-06,0.015219791,0.092546076,0.027941663,0.008090211,0.062740974,0.039574776
